road 	efficiency
敬業二路	55.6006973
興安街Y00	54.31181845
松江路188巷(中吉公園周邊)	47.06675508
林森北路310巷	44.91905943
大直街	44.59530651
明水路606巷	40.92365484
新生北路三段Z00	40.52158668
撫順街	40.43538786
南京東路3段89巷5弄	39.74408095
基湖路166巷	39.6882494
