road 	efficiency
1	55.6006973
2	54.31181845
3	47.06675508
4	44.91905943
5	44.59530651
6	40.92365484
7	40.52158668
8	40.43538786
9	39.74408095
10	39.6882494
